"CHROM","POS","REF","ALT","ID_1","QUAL_1","FILTER_1","INFO_1","FORMAT_1","SRR22846271","ID_3","QUAL_3","FILTER_3","INFO_3","FORMAT_3","SRR29375162","ID_4","QUAL_4","FILTER_4","INFO_4","FORMAT_4","SRR32387634"
"CY115155.1",190,"G","A",".","50965.04","PASS","AC=1;AF=1.00;AN=1;BaseQRankSum=0.509;DP=1520;FS=0.000;MLEAC=1;MLEAF=1.00;MQ=59.99;MQRankSum=-0.018;QD=33.77;ReadPosRankSum=-1.553;SOR=0.709","GT:AD:DP:GQ:PL","1:1,1508:1509:99:56390,0",".","7292.04","PASS","AC=1;AF=1.00;AN=1;DP=270;FS=0.000;MLEAC=1;MLEAF=1.00;MQ=60.00;QD=27.21;SOR=0.739","GT:AD:DP:GQ:PL","1:0,268:268:99:7302,0",".","63499.04","PASS","AC=1;AF=1.00;AN=1;DP=1992;FS=0.000;MLEAC=1;MLEAF=1.00;MQ=60.00;QD=32.46;SOR=0.842","GT:AD:DP:GQ:PL","1:0,1956:1956:99:63509,0"
"CY115155.1",391,"T","C",".","28599.04","PASS","AC=1;AF=1.00;AN=1;BaseQRankSum=0.905;DP=667;FS=0.000;MLEAC=1;MLEAF=1.00;MQ=59.52;MQRankSum=-0.206;QD=26.88;ReadPosRankSum=1.597;SOR=0.282","GT:AD:DP:GQ:PL","1:1,666:667:99:28609,0",".","5846.04","PASS","AC=1;AF=1.00;AN=1;DP=233;FS=0.000;MLEAC=1;MLEAF=1.00;MQ=60.00;QD=26.57;SOR=0.787","GT:AD:DP:GQ:PL","1:0,220:220:99:5856,0",".","77020.04","PASS","AC=1;AF=1.00;AN=1;BaseQRankSum=-1.217;DP=2435;FS=0.000;MLEAC=1;MLEAF=1.00;MQ=60.00;MQRankSum=0.000;QD=33.62;ReadPosRankSum=-1.093;SOR=0.435","GT:AD:DP:GQ:PL","1:1,2290:2291:99:77030,0"
"CY115157.1",854,"C","T",".","68505.04","PASS","AC=1;AF=1.00;AN=1;DP=1535;FS=0.000;MLEAC=1;MLEAF=1.00;MQ=60.00;QD=28.88;SOR=1.006","GT:AD:DP:GQ:PL","1:0,1527:1527:99:68515,0",".","9020.04","PASS","AC=1;AF=1.00;AN=1;DP=339;FS=0.000;MLEAC=1;MLEAF=1.00;MQ=60.00;QD=26.93;SOR=0.773","GT:AD:DP:GQ:PL","1:0,335:335:99:9030,0",".","80565.04","PASS","AC=1;AF=1.00;AN=1;DP=2511;FS=0.000;MLEAC=1;MLEAF=1.00;MQ=59.99;MQRankSum=-0.014;QD=32.64;SOR=0.811","GT:AD:DP:GQ:PL","1:2,2466:2468:99:80575,0"
"CY115155.1",882,"C","T",".","218983.04","PASS","AC=1;AF=1.00;AN=1;BaseQRankSum=0.491;DP=4965;FS=0.000;MLEAC=1;MLEAF=1.00;MQ=60.00;MQRankSum=0.487;QD=30.44;ReadPosRankSum=1.079;SOR=1.186","GT:AD:DP:GQ:PL","1:1,4896:4897:99:218993,0",".","7403.04","PASS","AC=1;AF=1.00;AN=1;DP=285;FS=0.000;MLEAC=1;MLEAF=1.00;MQ=60.00;QD=26.35;SOR=0.853","GT:AD:DP:GQ:PL","1:0,281:281:99:7413,0",".","80839.04","PASS","AC=1;AF=1.00;AN=1;BaseQRankSum=2.039;DP=2553;FS=0.000;MLEAC=1;MLEAF=1.00;MQ=60.00;MQRankSum=0.000;QD=32.52;ReadPosRankSum=1.631;SOR=0.396","GT:AD:DP:GQ:PL","1:1,2485:2486:99:80849,0"
"CY115157.1",1133,"G","A",".","68803.04","PASS","AC=1;AF=1.00;AN=1;DP=1548;FS=0.000;MLEAC=1;MLEAF=1.00;MQ=60.00;QD=27.88;SOR=0.811","GT:AD:DP:GQ:PL","1:0,1544:1544:99:68813,0",".","12366.04","PASS","AC=1;AF=1.00;AN=1;DP=450;FS=0.000;MLEAC=1;MLEAF=1.00;MQ=60.00;QD=27.60;SOR=0.711","GT:AD:DP:GQ:PL","1:0,448:448:99:12376,0",".","73213.04","PASS","AC=1;AF=1.00;AN=1;BaseQRankSum=1.216;DP=2243;FS=0.000;MLEAC=1;MLEAF=1.00;MQ=60.00;MQRankSum=0.000;QD=33.71;ReadPosRankSum=2.048;SOR=0.927","GT:AD:DP:GQ:PL","1:2,2170:2172:99:73223,0"
"CY115156.1",1449,"T","C",".","143043.04","PASS","AC=1;AF=1.00;AN=1;DP=3180;FS=0.000;MLEAC=1;MLEAF=1.00;MQ=59.96;QD=37.64;SOR=0.778","GT:AD:DP:GQ:PL","1:0,3180:3180:99:143053,0",".","5462.04","PASS","AC=1;AF=1.00;AN=1;DP=210;FS=0.000;MLEAC=1;MLEAF=1.00;MQ=60.00;QD=26.51;SOR=0.693","GT:AD:DP:GQ:PL","1:0,206:206:99:5472,0",".","113354.04","PASS","AC=1;AF=1.00;AN=1;DP=3365;FS=0.000;MLEAC=1;MLEAF=1.00;MQ=60.00;QD=34.43;SOR=0.894","GT:AD:DP:GQ:PL","1:0,3292:3292:99:113364,0"
"CY115158.1",1478,"T","C",".","92061.04","PASS","AC=1;AF=1.00;AN=1;DP=2048;FS=0.000;MLEAC=1;MLEAF=1.00;MQ=59.99;QD=35.46;SOR=1.061","GT:AD:DP:GQ:PL","1:0,2047:2047:99:92071,0",".","43108.04","PASS","AC=1;AF=1.00;AN=1;DP=972;FS=0.000;MLEAC=1;MLEAF=1.00;MQ=60.00;QD=29.73;SOR=0.784","GT:AD:DP:GQ:PL","1:0,968:968:99:43118,0",".","214580.04","PASS","AC=1;AF=1.00;AN=1;DP=4801;FS=0.000;MLEAC=1;MLEAF=1.00;MQ=60.00;QD=30.25;SOR=0.919","GT:AD:DP:GQ:PL","1:0,4798:4798:99:214590,0"
"CY115154.1",1712,"G","A",".","24443.04","PASS","AC=1;AF=1.00;AN=1;DP=612;FS=0.000;MLEAC=1;MLEAF=1.00;MQ=59.99;QD=21.27;SOR=5.639","GT:AD:DP:GQ:PL","1:0,601:601:99:24453,0",".","31531.04","PASS","AC=1;AF=1.00;AN=1;DP=717;FS=0.000;MLEAC=1;MLEAF=1.00;MQ=60.00;QD=24.06;SOR=0.982","GT:AD:DP:GQ:PL","1:0,704:704:99:31541,0",".","195216.04","PASS","AC=1;AF=1.00;AN=1;DP=4488;FS=0.000;MLEAC=1;MLEAF=1.00;MQ=59.99;QD=30.90;SOR=1.281","GT:AD:DP:GQ:PL","1:0,4374:4374:99:195226,0"
"CY115158.1",2076,"T","G",".","116397.04","PASS","AC=1;AF=1.00;AN=1;DP=2705;FS=0.000;MLEAC=1;MLEAF=1.00;MQ=59.99;QD=32.21;SOR=0.705","GT:AD:DP:GQ:PL","1:0,2620:2620:99:116407,0",".","32396.04","PASS","AC=1;AF=1.00;AN=1;BaseQRankSum=0.496;DP=1232;FS=0.000;MLEAC=1;MLEAF=1.00;MQ=60.00;MQRankSum=0.000;QD=27.69;ReadPosRankSum=-1.034;SOR=0.790","GT:AD:DP:GQ:PL","1:2,1168:1170:99:32406,0",".","219590.04","PASS","AC=1;AF=1.00;AN=1;DP=4900;FS=0.000;MLEAC=1;MLEAF=1.00;MQ=60.00;QD=36.68;SOR=0.908","GT:AD:DP:GQ:PL","1:0,4898:4898:99:219600,0"
"CY115156.1",2141,"A","G",".","97505.04","PASS","AC=1;AF=1.00;AN=1;DP=2167;FS=0.000;MLEAC=1;MLEAF=1.00;MQ=59.81;QD=34.98;SOR=2.802","GT:AD:DP:GQ:PL","1:0,2167:2167:99:97515,0",".","2461.07","PASS","AC=1;AF=1.00;AN=1;BaseQRankSum=-3.347;DP=240;FS=2.618;MLEAC=1;MLEAF=1.00;MQ=60.00;MQRankSum=0.000;QD=15.48;ReadPosRankSum=1.349;SOR=0.552","GT:AD:DP:GQ:PL","1:50,109:159:99:2708,0",".","7531.04","PASS","AC=1;AF=1.00;AN=1;BaseQRankSum=12.889;DP=4262;FS=56.310;MLEAC=1;MLEAF=1.00;MQ=59.99;MQRankSum=1.702;QD=3.08;ReadPosRankSum=-1.209;SOR=0.017","GT:AD:DP:GQ:PL","1:1067,1378:2445:99:7541,0"
"CY115158.1",2295,"T","C",".","44973.04","PASS","AC=1;AF=1.00;AN=1;DP=1160;FS=0.000;MLEAC=1;MLEAF=1.00;MQ=60.00;QD=26.80;SOR=4.554","GT:AD:DP:GQ:PL","1:0,1132:1132:99:44983,0",".","23341.04","PASS","AC=1;AF=1.00;AN=1;DP=884;FS=0.000;MLEAC=1;MLEAF=1.00;MQ=59.99;QD=27.02;SOR=0.929","GT:AD:DP:GQ:PL","1:0,864:864:99:23351,0",".","195275.04","PASS","AC=1;AF=1.00;AN=1;DP=4675;FS=0.000;MLEAC=1;MLEAF=1.00;MQ=60.00;QD=32.36;SOR=1.343","GT:AD:DP:GQ:PL","1:0,4604:4604:99:195285,0"
