"CHROM","POS","REF","ALT","ID_2","QUAL_2","FILTER_2","INFO_2","FORMAT_2","SRR27384472"
"CY115157.1",1850,"C","T",".","33362.04","PASS","AC=1;AF=1.00;AN=1;DP=1260;FS=0.000;MLEAC=1;MLEAF=1.00;MQ=60.00;QD=28.37;SOR=0.710","GT:AD:DP:GQ:PL","1:0,1176:1176:99:33372,0"
"CY115157.1",1988,"T","C",".","31776.04","PASS","AC=1;AF=1.00;AN=1;BaseQRankSum=2.606;DP=1216;FS=0.000;MLEAC=1;MLEAF=1.00;MQ=60.00;MQRankSum=0.000;QD=27.70;ReadPosRankSum=0.560;SOR=0.225","GT:AD:DP:GQ:PL","1:1,1146:1147:99:31786,0"
"CY115157.1",2301,"T","C",".","32440.04","PASS","AC=1;AF=1.00;AN=1;DP=764;FS=0.000;MLEAC=1;MLEAF=1.00;MQ=60.00;QD=26.59;SOR=0.941","GT:AD:DP:GQ:PL","1:0,763:763:99:32450,0"
"CY115157.1",2307,"C","T",".","30404.04","PASS","AC=1;AF=1.00;AN=1;DP=689;FS=0.000;MLEAC=1;MLEAF=1.00;MQ=60.00;QD=31.17;SOR=0.931","GT:AD:DP:GQ:PL","1:0,688:688:99:30414,0"
