"CHROM","POS","REF","ALT","ID_1","QUAL_1","FILTER_1","INFO_1","FORMAT_1","SRR22846271","ID_2","QUAL_2","FILTER_2","INFO_2","FORMAT_2","SRR27384472","ID_3","QUAL_3","FILTER_3","INFO_3","FORMAT_3","SRR29375162","ID_4","QUAL_4","FILTER_4","INFO_4","FORMAT_4","SRR32387634"
"CY115157.1",1308,"T","C",".","79843.04","PASS","AC=1;AF=1.00;AN=1;DP=1818;FS=0.000;MLEAC=1;MLEAF=1.00;MQ=60.00;QD=35.04;SOR=0.791","GT:AD:DP:GQ:PL","1:0,1804:1804:99:79853,0",".","34965.04","PASS","AC=1;AF=1.00;AN=1;DP=1280;FS=0.000;MLEAC=1;MLEAF=1.00;MQ=60.00;QD=27.84;SOR=0.918","GT:AD:DP:GQ:PL","1:0,1256:1256:99:34975,0",".","104659.04","PASS","AC=1;AF=1.00;AN=1;DP=3477;FS=0.000;MLEAC=1;MLEAF=1.00;MQ=60.00;QD=30.59;SOR=0.774","GT:AD:DP:GQ:PL","1:0,3421:3421:99:104669,0",".","177612.04","PASS","AC=1;AF=1.00;AN=1;BaseQRankSum=1.473;DP=5026;FS=0.000;MLEAC=1;MLEAF=1.00;MQ=60.00;MQRankSum=0.216;QD=33.71;ReadPosRankSum=2.748;SOR=0.485","GT:AD:DP:GQ:PL","1:5,4821:4826:99:177622,0"
"CY115157.1",1413,"T","C",".","79018.04","PASS","AC=1;AF=1.00;AN=1;DP=1762;FS=0.000;MLEAC=1;MLEAF=1.00;MQ=60.00;QD=33.78;SOR=0.925","GT:AD:DP:GQ:PL","1:0,1760:1760:99:79028,0",".","60860.04","PASS","AC=1;AF=1.00;AN=1;DP=1356;FS=0.000;MLEAC=1;MLEAF=1.00;MQ=60.00;QD=30.59;SOR=0.811","GT:AD:DP:GQ:PL","1:0,1356:1356:99:60870,0",".","185009.04","PASS","AC=1;AF=1.00;AN=1;DP=4132;FS=0.000;MLEAC=1;MLEAF=1.00;MQ=60.00;QD=24.91;SOR=0.751","GT:AD:DP:GQ:PL","1:0,4132:4132:99:185019,0",".","237254.04","PASS","AC=1;AF=1.00;AN=1;DP=5284;FS=0.000;MLEAC=1;MLEAF=1.00;MQ=60.00;QD=29.32;SOR=0.870","GT:AD:DP:GQ:PL","1:0,5282:5282:99:237264,0"
"CY115157.1",1422,"G","A",".","78626.04","PASS","AC=1;AF=1.00;AN=1;DP=1783;FS=0.000;MLEAC=1;MLEAF=1.00;MQ=60.00;QD=32.76;SOR=0.919","GT:AD:DP:GQ:PL","1:0,1773:1773:99:78636,0",".","55176.04","PASS","AC=1;AF=1.00;AN=1;DP=1327;FS=0.000;MLEAC=1;MLEAF=1.00;MQ=60.00;QD=26.01;SOR=0.825","GT:AD:DP:GQ:PL","1:0,1322:1322:99:55186,0",".","120351.04","PASS","AC=1;AF=1.00;AN=1;BaseQRankSum=3.416;DP=4038;FS=0.000;MLEAC=1;MLEAF=1.00;MQ=60.00;MQRankSum=0.000;QD=30.75;ReadPosRankSum=-1.367;SOR=0.767","GT:AD:DP:GQ:PL","1:4,3910:3914:99:120361,0",".","229309.04","PASS","AC=1;AF=1.00;AN=1;BaseQRankSum=-0.747;DP=5218;FS=0.000;MLEAC=1;MLEAF=1.00;MQ=60.00;MQRankSum=0.641;QD=30.05;ReadPosRankSum=1.418;SOR=0.542","GT:AD:DP:GQ:PL","1:1,5161:5162:99:229319,0"
"CY115157.1",1622,"G","A",".","82655.04","PASS","AC=1;AF=1.00;AN=1;DP=1837;FS=0.000;MLEAC=1;MLEAF=1.00;MQ=59.99;QD=24.66;SOR=0.730","GT:AD:DP:GQ:PL","1:0,1837:1837:99:82665,0",".","31824.04","PASS","AC=1;AF=1.00;AN=1;DP=1150;FS=0.000;MLEAC=1;MLEAF=1.00;MQ=59.99;QD=28.75;SOR=0.739","GT:AD:DP:GQ:PL","1:0,1107:1107:99:31834,0",".","172650.04","PASS","AC=1;AF=1.00;AN=1;BaseQRankSum=2.875;DP=4088;FS=0.000;MLEAC=1;MLEAF=1.00;MQ=60.00;MQRankSum=0.000;QD=27.08;ReadPosRankSum=0.697;SOR=0.906","GT:AD:DP:GQ:PL","1:2,4046:4048:99:172660,0",".","230195.04","PASS","AC=1;AF=1.00;AN=1;DP=5411;FS=0.000;MLEAC=1;MLEAF=1.00;MQ=60.00;QD=26.61;SOR=0.934","GT:AD:DP:GQ:PL","1:0,5320:5320:99:230205,0"
